"MAP.MC,2/01/2012 17:36:00,"2,499"
"MAP.MC,3/01/2012 17:36:00,"2,519"
"MAP.MC,4/01/2012 17:36:00,"2,523"
"MAP.MC,5/01/2012 17:36:00,"2,469"
"MAP.MC,6/01/2012 17:36:00,"2,491"
"MAP.MC,9/01/2012 17:36:00,"2,46"
"MAP.MC,10/01/2012 17:36:00,"2,541"
"MAP.MC,11/01/2012 17:36:00,"2,565"
"MAP.MC,12/01/2012 17:36:00,"2,561"
"MAP.MC,13/01/2012 17:36:00,"2,539"
"MAP.MC,16/01/2012 17:36:00,"2,535"
"MAP.MC,17/01/2012 17:36:00,"2,489"
"MAP.MC,18/01/2012 17:36:00,"2,413"
"MAP.MC,19/01/2012 17:36:00,"2,473"
"MAP.MC,20/01/2012 17:36:00,"2,47"
"MAP.MC,23/01/2012 17:36:00,"2,532"
"MAP.MC,24/01/2012 17:36:00,"2,535"
"MAP.MC,25/01/2012 17:36:00,"2,545"
"MAP.MC,26/01/2012 17:36:00,"2,566"
"MAP.MC,27/01/2012 17:36:00,"2,57"
"MAP.MC,30/01/2012 17:36:00,"2,524"
"MAP.MC,31/01/2012 17:36:00,"2,54"
"MAP.MC,1/02/2012 17:36:00,"2,585"
"MAP.MC,2/02/2012 17:36:00,"2,59"
"MAP.MC,3/02/2012 17:36:00,"2,622"
"MAP.MC,6/02/2012 17:36:00,"2,598"
"MAP.MC,7/02/2012 17:36:00,"2,574"
"MAP.MC,8/02/2012 17:36:00,"2,565"
"MAP.MC,9/02/2012 17:36:00,"2,641"
"MAP.MC,10/02/2012 17:36:00,"2,574"
"MAP.MC,13/02/2012 17:36:00,"2,595"
"MAP.MC,14/02/2012 17:36:00,"2,58"
"MAP.MC,15/02/2012 17:36:00,"2,54"
"MAP.MC,16/02/2012 17:36:00,"2,51"
"MAP.MC,17/02/2012 17:36:00,"2,537"
"MAP.MC,20/02/2012 17:36:00,"2,57"
"MAP.MC,21/02/2012 17:36:00,"2,541"
"MAP.MC,22/02/2012 17:36:00,"2,525"
"MAP.MC,23/02/2012 17:36:00,"2,509"
"MAP.MC,24/02/2012 17:36:00,"2,541"
"MAP.MC,27/02/2012 17:36:00,"2,572"
"MAP.MC,28/02/2012 17:36:00,"2,606"
"MAP.MC,29/02/2012 17:36:00,"2,581"
"MAP.MC,1/03/2012 17:36:00,"2,588"
"MAP.MC,2/03/2012 17:36:00,"2,586"
"MAP.MC,5/03/2012 17:36:00,"2,559"
"MAP.MC,6/03/2012 17:36:00,"2,47"
"MAP.MC,7/03/2012 17:36:00,"2,455"
"MAP.MC,8/03/2012 17:36:00,"2,49"
"MAP.MC,9/03/2012 17:36:00,"2,484"
"MAP.MC,12/03/2012 17:36:00,"2,469"
"MAP.MC,13/03/2012 17:36:00,"2,496"
"MAP.MC,14/03/2012 17:36:00,"2,541"
"MAP.MC,15/03/2012 17:36:00,"2,558"
"MAP.MC,16/03/2012 17:36:00,"2,56"
"MAP.MC,19/03/2012 17:36:00,"2,583"
"MAP.MC,20/03/2012 17:36:00,"2,58"
"MAP.MC,21/03/2012 17:36:00,"2,587"
"MAP.MC,22/03/2012 17:36:00,"2,527"
"MAP.MC,23/03/2012 17:36:00,"2,521"
"MAP.MC,26/03/2012 17:36:00,"2,524"
"MAP.MC,27/03/2012 17:36:00,"2,477"
"MAP.MC,28/03/2012 17:36:00,"2,429"
"MAP.MC,29/03/2012 17:36:00,"2,374"
"MAP.MC,30/03/2012 17:36:00,"2,414"
"MAP.MC,2/04/2012 17:36:00,"2,442"
"MAP.MC,3/04/2012 17:36:00,"2,429"
"MAP.MC,4/04/2012 17:36:00,"2,366"
"MAP.MC,5/04/2012 17:36:00,"2,382"
"MAP.MC,10/04/2012 17:36:00,"2,308"
"MAP.MC,11/04/2012 17:36:00,"2,372"
"MAP.MC,12/04/2012 17:36:00,"2,363"
"MAP.MC,13/04/2012 17:36:00,"2,263"
"MAP.MC,16/04/2012 17:36:00,"2,215"
"MAP.MC,17/04/2012 17:36:00,"2,311"
"MAP.MC,18/04/2012 17:36:00,"2,224"
"MAP.MC,19/04/2012 17:36:00,"2,18"
"MAP.MC,20/04/2012 17:36:00,"2,201"
"MAP.MC,23/04/2012 17:36:00,"2,132"
"MAP.MC,24/04/2012 17:36:00,"2,147"
"MAP.MC,25/04/2012 17:36:00,"2,212"
"MAP.MC,26/04/2012 17:36:00,"2,164"
"MAP.MC,27/04/2012 17:36:00,"2,212"
"MAP.MC,30/04/2012 17:36:00,"2,183"
"MAP.MC,2/05/2012 17:36:00,"2,159"
"MAP.MC,3/05/2012 17:36:00,"2,147"
"MAP.MC,4/05/2012 17:36:00,"2,112"
"MAP.MC,7/05/2012 17:36:00,"2,134"
"MAP.MC,8/05/2012 17:36:00,"2,072"
"MAP.MC,9/05/2012 17:36:00,"1,942"
"MAP.MC,10/05/2012 17:36:00,"2,039"
"MAP.MC,11/05/2012 17:36:00,"2,002"
"MAP.MC,14/05/2012 17:36:00,"1,969"
"MAP.MC,15/05/2012 17:36:00,"1,935"
"MAP.MC,16/05/2012 17:36:00,"1,861"
"MAP.MC,17/05/2012 17:36:00,"1,811"
"MAP.MC,18/05/2012 17:36:00,"1,856"
"MAP.MC,21/05/2012 17:36:00,"1,835"
"MAP.MC,22/05/2012 17:36:00,"1,882"
"MAP.MC,23/05/2012 17:36:00,"1,816"
"MAP.MC,24/05/2012 17:36:00,"1,802"
"MAP.MC,25/05/2012 17:36:00,"1,793"
"MAP.MC,28/05/2012 17:36:00,"1,748"
"MAP.MC,29/05/2012 17:36:00,"1,71"
"MAP.MC,30/05/2012 17:36:00,"1,62"
"MAP.MC,31/05/2012 17:36:00,"1,566"
"MAP.MC,1/06/2012 17:36:00,"1,543"
"MAP.MC,4/06/2012 17:36:00,"1,581"
"MAP.MC,5/06/2012 17:36:00,"1,562"
"MAP.MC,6/06/2012 17:36:00,"1,583"
"MAP.MC,7/06/2012 17:36:00,"1,601"
"MAP.MC,8/06/2012 17:36:00,"1,606"
"MAP.MC,11/06/2012 17:36:00,"1,655"
"MAP.MC,12/06/2012 17:36:00,"1,615"
"MAP.MC,13/06/2012 17:36:00,"1,633"
"MAP.MC,14/06/2012 17:36:00,"1,617"
"MAP.MC,15/06/2012 17:36:00,"1,663"
"MAP.MC,18/06/2012 17:36:00,"1,647"
"MAP.MC,19/06/2012 17:36:00,"1,592"
"MAP.MC,20/06/2012 17:36:00,"1,635"
"MAP.MC,21/06/2012 17:36:00,"1,659"
"MAP.MC,22/06/2012 17:36:00,"1,69"
"MAP.MC,25/06/2012 17:36:00,"1,582"
"MAP.MC,26/06/2012 17:36:00,"1,538"
"MAP.MC,27/06/2012 17:36:00,"1,537"
"MAP.MC,28/06/2012 17:36:00,"1,523"
"MAP.MC,29/06/2012 17:36:00,"1,603"
"MAP.MC,2/07/2012 17:36:00,"1,602"
"MAP.MC,3/07/2012 17:36:00,"1,618"
"MAP.MC,4/07/2012 17:36:00,"1,631"
"MAP.MC,5/07/2012 17:36:00,"1,639"
"MAP.MC,6/07/2012 17:36:00,"1,568"
"MAP.MC,9/07/2012 17:36:00,"1,547"
"MAP.MC,10/07/2012 17:36:00,"1,582"
"MAP.MC,11/07/2012 17:36:00,"1,57"
"MAP.MC,12/07/2012 17:36:00,"1,518"
"MAP.MC,13/07/2012 17:36:00,"1,534"
"MAP.MC,16/07/2012 17:36:00,"1,51"
"MAP.MC,17/07/2012 17:36:00,"1,514"
"MAP.MC,18/07/2012 17:36:00,"1,522"
"MAP.MC,19/07/2012 17:36:00,"1,557"
"MAP.MC,20/07/2012 17:36:00,"1,509"
"MAP.MC,23/07/2012 17:36:00,"1,472"
"MAP.MC,24/07/2012 17:36:00,"1,35"
"MAP.MC,25/07/2012 17:36:00,"1,323"
"MAP.MC,26/07/2012 17:36:00,"1,51"
"MAP.MC,27/07/2012 17:36:00,"1,53"
"MAP.MC,30/07/2012 17:36:00,"1,521"
"MAP.MC,31/07/2012 17:36:00,"1,483"
"MAP.MC,1/08/2012 17:36:00,"1,49"
"MAP.MC,2/08/2012 17:36:00,"1,429"
"MAP.MC,3/08/2012 17:36:00,"1,53"
"MAP.MC,6/08/2012 17:36:00,"1,655"
"MAP.MC,7/08/2012 17:36:00,"1,799"
"MAP.MC,8/08/2012 17:36:00,"1,765"
"MAP.MC,9/08/2012 17:36:00,"1,825"
"MAP.MC,10/08/2012 17:36:00,"1,8"
"MAP.MC,13/08/2012 17:36:00,"1,802"
"MAP.MC,14/08/2012 17:36:00,"1,83"
"MAP.MC,15/08/2012 17:36:00,"1,812"
"MAP.MC,16/08/2012 17:36:00,"1,989"
"MAP.MC,17/08/2012 17:36:00,"2,019"
"MAP.MC,20/08/2012 17:36:00,"2,033"
"MAP.MC,21/08/2012 17:36:00,"1,992"
"MAP.MC,22/08/2012 17:36:00,"1,956"
"MAP.MC,23/08/2012 17:36:00,"1,916"
"MAP.MC,24/08/2012 17:36:00,"1,907"
"MAP.MC,27/08/2012 17:36:00,"1,97"
"MAP.MC,28/08/2012 17:36:00,"1,92"
"MAP.MC,29/08/2012 17:36:00,"1,922"
"MAP.MC,30/08/2012 17:36:00,"1,882"
"MAP.MC,31/08/2012 17:36:00,"1,93"
"MAP.MC,3/09/2012 17:36:00,"1,923"
"MAP.MC,4/09/2012 17:36:00,"1,986"
"MAP.MC,5/09/2012 17:36:00,"1,975"
"MAP.MC,6/09/2012 17:36:00,"2,18"
"MAP.MC,7/09/2012 17:36:00,"2,16"
"MAP.MC,10/09/2012 17:36:00,"2,192"
"MAP.MC,11/09/2012 17:36:00,"2,24"
"MAP.MC,12/09/2012 17:36:00,"2,325"
"MAP.MC,13/09/2012 17:36:00,"2,246"
"MAP.MC,14/09/2012 17:36:00,"2,25"
"MAP.MC,17/09/2012 17:36:00,"2,198"
"MAP.MC,18/09/2012 17:36:00,"2,148"
"MAP.MC,19/09/2012 17:36:00,"2,108"
"MAP.MC,20/09/2012 17:36:00,"2,081"
"MAP.MC,21/09/2012 17:36:00,"2,152"
"MAP.MC,24/09/2012 17:36:00,"2,203"
"MAP.MC,25/09/2012 17:36:00,"2,186"
"MAP.MC,26/09/2012 17:36:00,"2,078"
"MAP.MC,27/09/2012 17:36:00,"2,131"
"MAP.MC,28/09/2012 17:36:00,"2,132"
"MAP.MC,1/10/2012 17:36:00,"2,202"
"MAP.MC,2/10/2012 17:36:00,"2,213"
"MAP.MC,3/10/2012 17:36:00,"2,177"
"MAP.MC,4/10/2012 17:36:00,"2,13"
"MAP.MC,5/10/2012 17:36:00,"2,162"
"MAP.MC,8/10/2012 17:36:00,"2,141"
"MAP.MC,9/10/2012 17:36:00,"2,087"
"MAP.MC,10/10/2012 17:36:00,"2,024"
"MAP.MC,11/10/2012 17:36:00,"2,074"
"MAP.MC,12/10/2012 17:36:00,"2,044"
"MAP.MC,15/10/2012 17:36:00,"2,02"
"MAP.MC,16/10/2012 17:36:00,"2,225"
"MAP.MC,17/10/2012 17:36:00,"2,246"
"MAP.MC,18/10/2012 17:36:00,"2,186"
"MAP.MC,19/10/2012 17:36:00,"2,173"
"MAP.MC,22/10/2012 17:36:00,"2,174"
"MAP.MC,23/10/2012 17:36:00,"2,096"
"MAP.MC,24/10/2012 17:36:00,"2,133"
"MAP.MC,25/10/2012 17:36:00,"2,165"
"MAP.MC,26/10/2012 17:36:00,"2,118"
"MAP.MC,29/10/2012 17:36:00,"2,101"
"MAP.MC,30/10/2012 17:36:00,"2,124"
"MAP.MC,31/10/2012 17:36:00,"2,138"
"MAP.MC,1/11/2012 17:36:00,"2,127"
"MAP.MC,2/11/2012 17:36:00,"2,117"
"MAP.MC,5/11/2012 17:36:00,"2,085"
"MAP.MC,6/11/2012 17:36:00,"2,047"
"MAP.MC,7/11/2012 17:36:00,"2,032"
"MAP.MC,8/11/2012 17:36:00,"2,082"
"MAP.MC,9/11/2012 17:36:00,"2,043"
"MAP.MC,12/11/2012 17:36:00,"2,009"
"MAP.MC,13/11/2012 17:36:00,"2,011"
"MAP.MC,14/11/2012 17:36:00,"2,011"
"MAP.MC,15/11/2012 17:36:00,"2,005"
"MAP.MC,16/11/2012 17:36:00,"1,992"
"MAP.MC,19/11/2012 17:36:00,"2,099"
"MAP.MC,20/11/2012 17:36:00,"2,081"
"MAP.MC,21/11/2012 17:36:00,"2,174"
"MAP.MC,22/11/2012 17:36:00,"2,16"
"MAP.MC,23/11/2012 17:36:00,"2,23"
"MAP.MC,26/11/2012 17:36:00,"2,21"
"MAP.MC,27/11/2012 17:36:00,"2,185"
"MAP.MC,28/11/2012 17:36:00,"2,104"
"MAP.MC,29/11/2012 17:36:00,"2,183"
"MAP.MC,30/11/2012 17:36:00,"2,162"
"MAP.MC,3/12/2012 17:36:00,"2,149"
"MAP.MC,4/12/2012 17:36:00,"2,153"
"MAP.MC,5/12/2012 17:36:00,"2,15"
"MAP.MC,6/12/2012 17:36:00,"2,122"
"MAP.MC,7/12/2012 17:36:00,"2,132"
"MAP.MC,10/12/2012 17:36:00,"2,144"
"MAP.MC,11/12/2012 17:36:00,"2,148"
"MAP.MC,12/12/2012 17:36:00,"2,247"
"MAP.MC,13/12/2012 17:36:00,"2,3"
"MAP.MC,14/12/2012 17:36:00,"2,269"
"MAP.MC,17/12/2012 17:36:00,"2,25"
"MAP.MC,18/12/2012 17:36:00,"2,308"
"MAP.MC,19/12/2012 17:36:00,"2,402"
"MAP.MC,20/12/2012 17:36:00,"2,373"
"MAP.MC,21/12/2012 17:36:00,"2,431"
"MAP.MC,24/12/2012 14:00:00,"2,395"
"MAP.MC,27/12/2012 17:36:00,"2,394"
"MAP.MC,28/12/2012 17:36:00,"2,38"
"MAP.MC,31/12/2012 14:00:00,"2,315"
"MAP.MC,2/01/2013 17:36:00,"2,499"
"MAP.MC,3/01/2013 17:36:00,"2,484"
"MAP.MC,4/01/2013 17:36:00,"2,487"
"MAP.MC,7/01/2013 17:36:00,"2,515"
"MAP.MC,8/01/2013 17:36:00,"2,502"
"MAP.MC,9/01/2013 17:36:00,"2,489"
"MAP.MC,10/01/2013 17:36:00,"2,561"
"MAP.MC,11/01/2013 17:36:00,"2,553"
"MAP.MC,14/01/2013 17:36:00,"2,52"
"MAP.MC,15/01/2013 17:36:00,"2,482"
"MAP.MC,16/01/2013 17:36:00,"2,406"
"MAP.MC,17/01/2013 17:36:00,"2,413"
"MAP.MC,18/01/2013 17:36:00,"2,39"
"MAP.MC,21/01/2013 17:36:00,"2,386"
"MAP.MC,22/01/2013 17:36:00,"2,362"
"MAP.MC,23/01/2013 17:36:00,"2,322"
"MAP.MC,24/01/2013 17:36:00,"2,37"
"MAP.MC,25/01/2013 17:36:00,"2,34"
"MAP.MC,28/01/2013 17:36:00,"2,326"
"MAP.MC,29/01/2013 17:36:00,"2,321"
"MAP.MC,30/01/2013 17:36:00,"2,32"
"MAP.MC,31/01/2013 17:36:00,"2,271"
"MAP.MC,1/02/2013 17:36:00,"2,29"
"MAP.MC,4/02/2013 17:36:00,"2,158"
"MAP.MC,5/02/2013 17:36:00,"2,223"
"MAP.MC,6/02/2013 17:36:00,"2,135"
"MAP.MC,7/02/2013 17:36:00,"2,195"
"MAP.MC,8/02/2013 17:36:00,"2,214"
"MAP.MC,11/02/2013 17:36:00,"2,203"
"MAP.MC,12/02/2013 17:36:00,"2,276"
"MAP.MC,13/02/2013 17:36:00,"2,394"
"MAP.MC,14/02/2013 17:36:00,"2,4"
"MAP.MC,15/02/2013 17:36:00,"2,355"
"MAP.MC,18/02/2013 17:36:00,"2,346"
"MAP.MC,19/02/2013 17:36:00,"2,426"
"MAP.MC,20/02/2013 17:36:00,"2,435"
"MAP.MC,21/02/2013 17:36:00,"2,434"
"MAP.MC,22/02/2013 17:36:00,"2,492"
"MAP.MC,25/02/2013 17:36:00,"2,526"
"MAP.MC,26/02/2013 17:36:00,"2,417"
"MAP.MC,27/02/2013 17:36:00,"2,454"
"MAP.MC,28/02/2013 17:36:00,"2,493"
"MAP.MC,1/03/2013 17:36:00,"2,442"
"MAP.MC,4/03/2013 17:36:00,"2,462"
"MAP.MC,5/03/2013 17:36:00,"2,529"
"MAP.MC,6/03/2013 17:36:00,"2,553"
"MAP.MC,7/03/2013 17:36:00,"2,578"
"MAP.MC,8/03/2013 17:36:00,"2,611"
"MAP.MC,11/03/2013 17:36:00,"2,605"
"MAP.MC,12/03/2013 17:36:00,"2,581"
"MAP.MC,13/03/2013 17:36:00,"2,666"
"MAP.MC,14/03/2013 17:36:00,"2,742"
"MAP.MC,15/03/2013 17:36:00,"2,67"
"MAP.MC,18/03/2013 17:36:00,"2,605"
"MAP.MC,19/03/2013 17:36:00,"2,544"
"MAP.MC,20/03/2013 17:36:00,"2,574"
"MAP.MC,21/03/2013 17:36:00,"2,575"
"MAP.MC,22/03/2013 17:36:00,"2,583"
"MAP.MC,25/03/2013 17:36:00,"2,494"
"MAP.MC,26/03/2013 17:36:00,"2,495"
"MAP.MC,27/03/2013 17:36:00,"2,431"
"MAP.MC,28/03/2013 17:36:00,"2,411"
"MAP.MC,2/04/2013 17:36:00,"2,465"
"MAP.MC,3/04/2013 17:36:00,"2,4"
"MAP.MC,4/04/2013 17:36:00,"2,378"
"MAP.MC,5/04/2013 17:36:00,"2,366"
"MAP.MC,8/04/2013 17:36:00,"2,327"
"MAP.MC,9/04/2013 17:36:00,"2,413"
"MAP.MC,10/04/2013 17:36:00,"2,547"
"MAP.MC,11/04/2013 17:36:00,"2,567"
"MAP.MC,12/04/2013 17:36:00,"2,637"
"MAP.MC,15/04/2013 17:36:00,"2,625"
"MAP.MC,16/04/2013 17:36:00,"2,593"
"MAP.MC,17/04/2013 17:36:00,"2,517"
"MAP.MC,18/04/2013 17:36:00,"2,588"
"MAP.MC,19/04/2013 17:36:00,"2,593"
"MAP.MC,22/04/2013 17:36:00,"2,662"
"MAP.MC,23/04/2013 17:36:00,"2,737"
"MAP.MC,24/04/2013 17:36:00,"2,739"
"MAP.MC,25/04/2013 17:36:00,"2,729"
"MAP.MC,26/04/2013 17:36:00,"2,736"
"MAP.MC,29/04/2013 17:36:00,"2,789"
"MAP.MC,30/04/2013 17:36:00,"2,785"
"MAP.MC,2/05/2013 17:36:00,"2,829"
"MAP.MC,3/05/2013 17:36:00,"2,832"
"MAP.MC,6/05/2013 17:36:00,"2,828"
"MAP.MC,7/05/2013 17:36:00,"2,801"
"MAP.MC,8/05/2013 17:36:00,"2,857"
"MAP.MC,9/05/2013 17:36:00,"2,928"
"MAP.MC,10/05/2013 17:36:00,"2,838"
"MAP.MC,13/05/2013 17:36:00,"2,743"
"MAP.MC,14/05/2013 17:36:00,"2,808"
"MAP.MC,15/05/2013 17:36:00,"2,855"
"MAP.MC,16/05/2013 17:36:00,"2,808"
"MAP.MC,17/05/2013 17:36:00,"2,784"
"MAP.MC,20/05/2013 17:36:00,"2,766"
"MAP.MC,21/05/2013 17:36:00,"2,75"
"MAP.MC,22/05/2013 17:36:00,"2,838"
"MAP.MC,23/05/2013 17:36:00,"2,752"
"MAP.MC,24/05/2013 17:36:00,"2,704"
"MAP.MC,27/05/2013 17:36:00,"2,751"
"MAP.MC,28/05/2013 17:36:00,"2,787"
"MAP.MC,29/05/2013 17:36:00,"2,799"
"MAP.MC,30/05/2013 17:36:00,"2,852"
"MAP.MC,31/05/2013 17:36:00,"2,789"
"MAP.MC,3/06/2013 17:36:00,"2,779"
"MAP.MC,4/06/2013 17:36:00,"2,826"
"MAP.MC,5/06/2013 17:36:00,"2,787"
"MAP.MC,6/06/2013 17:36:00,"2,741"
"MAP.MC,7/06/2013 17:36:00,"2,799"
"MAP.MC,10/06/2013 17:36:00,"2,78"
"MAP.MC,11/06/2013 17:36:00,"2,669"
"MAP.MC,12/06/2013 17:36:00,"2,698"
"MAP.MC,13/06/2013 17:36:00,"2,687"
"MAP.MC,14/06/2013 17:36:00,"2,687"
"MAP.MC,17/06/2013 17:36:00,"2,74"
"MAP.MC,18/06/2013 17:36:00,"2,769"
"MAP.MC,19/06/2013 17:36:00,"2,772"
"MAP.MC,20/06/2013 17:36:00,"2,652"
"MAP.MC,21/06/2013 17:36:00,"2,513"
"MAP.MC,24/06/2013 17:36:00,"2,474"
"MAP.MC,25/06/2013 17:36:00,"2,528"
"MAP.MC,26/06/2013 17:36:00,"2,598"
"MAP.MC,27/06/2013 17:36:00,"2,588"
"MAP.MC,28/06/2013 17:36:00,"2,502"
"MAP.MC,1/07/2013 17:36:00,"2,629"
"MAP.MC,2/07/2013 17:36:00,"2,605"
"MAP.MC,3/07/2013 17:36:00,"2,573"
"MAP.MC,4/07/2013 17:36:00,"2,623"
"MAP.MC,5/07/2013 17:36:00,"2,655"
"MAP.MC,8/07/2013 17:36:00,"2,709"
"MAP.MC,9/07/2013 17:36:00,"2,718"
"MAP.MC,10/07/2013 17:36:00,"2,737"
"MAP.MC,11/07/2013 17:36:00,"2,721"
"MAP.MC,12/07/2013 17:36:00,"2,693"
"MAP.MC,15/07/2013 17:36:00,"2,708"
"MAP.MC,16/07/2013 17:36:00,"2,675"
"MAP.MC,17/07/2013 17:36:00,"2,649"
"MAP.MC,18/07/2013 17:36:00,"2,708"
"MAP.MC,19/07/2013 17:36:00,"2,673"
"MAP.MC,22/07/2013 17:36:00,"2,687"
"MAP.MC,23/07/2013 17:36:00,"2,657"
"MAP.MC,24/07/2013 17:36:00,"2,716"
"MAP.MC,25/07/2013 17:36:00,"2,693"
"MAP.MC,26/07/2013 17:36:00,"2,686"
"MAP.MC,29/07/2013 17:36:00,"2,691"
"MAP.MC,30/07/2013 17:36:00,"2,73"
"MAP.MC,31/07/2013 17:36:00,"2,75"
"MAP.MC,1/08/2013 17:36:00,"2,847"
"MAP.MC,2/08/2013 17:36:00,"2,87"
"MAP.MC,5/08/2013 17:36:00,"2,849"
"MAP.MC,6/08/2013 17:36:00,"2,828"
"MAP.MC,7/08/2013 17:36:00,"2,857"
"MAP.MC,8/08/2013 17:36:00,"2,897"
"MAP.MC,9/08/2013 17:36:00,"2,886"
"MAP.MC,12/08/2013 17:36:00,"2,879"
"MAP.MC,13/08/2013 17:36:00,"2,854"
"MAP.MC,14/08/2013 17:36:00,"2,875"
"MAP.MC,15/08/2013 17:36:00,"2,836"
"MAP.MC,16/08/2013 17:36:00,"2,854"
"MAP.MC,19/08/2013 17:36:00,"2,82"
"MAP.MC,20/08/2013 17:36:00,"2,751"
"MAP.MC,21/08/2013 17:36:00,"2,711"
"MAP.MC,22/08/2013 17:36:00,"2,785"
"MAP.MC,23/08/2013 17:36:00,"2,784"
"MAP.MC,26/08/2013 17:36:00,"2,741"
"MAP.MC,27/08/2013 17:36:00,"2,629"
"MAP.MC,28/08/2013 17:36:00,"2,607"
"MAP.MC,29/08/2013 17:36:00,"2,642"
"MAP.MC,30/08/2013 17:36:00,"2,549"
"MAP.MC,2/09/2013 17:36:00,"2,608"
"MAP.MC,3/09/2013 17:36:00,"2,614"
"MAP.MC,4/09/2013 17:36:00,"2,626"
"MAP.MC,5/09/2013 17:36:00,"2,657"
"MAP.MC,6/09/2013 17:36:00,"2,681"
"MAP.MC,9/09/2013 17:36:00,"2,678"
"MAP.MC,10/09/2013 17:36:00,"2,745"
"MAP.MC,11/09/2013 17:36:00,"2,785"
"MAP.MC,12/09/2013 17:36:00,"2,792"
"MAP.MC,13/09/2013 17:36:00,"2,77"
"MAP.MC,16/09/2013 17:36:00,"2,794"
"MAP.MC,17/09/2013 17:36:00,"2,788"
"MAP.MC,18/09/2013 17:36:00,"2,807"
"MAP.MC,19/09/2013 17:36:00,"2,737"
"MAP.MC,20/09/2013 17:36:00,"2,76"
"MAP.MC,23/09/2013 17:36:00,"2,727"
"MAP.MC,24/09/2013 17:36:00,"2,755"
"MAP.MC,25/09/2013 17:36:00,"2,753"
"MAP.MC,26/09/2013 17:36:00,"2,668"
"MAP.MC,27/09/2013 17:36:00,"2,647"
"MAP.MC,30/09/2013 17:36:00,"2,646"
"MAP.MC,1/10/2013 17:36:00,"2,686"
"MAP.MC,2/10/2013 17:36:00,"2,68"
"MAP.MC,3/10/2013 17:36:00,"2,684"
"MAP.MC,4/10/2013 17:36:00,"2,726"
"MAP.MC,7/10/2013 17:36:00,"2,69"
"MAP.MC,8/10/2013 17:36:00,"2,644"
"MAP.MC,9/10/2013 17:36:00,"2,66"
"MAP.MC,10/10/2013 17:36:00,"2,722"
"MAP.MC,11/10/2013 17:36:00,"2,757"
"MAP.MC,14/10/2013 17:36:00,"2,758"
"MAP.MC,15/10/2013 17:36:00,"2,785"
"MAP.MC,16/10/2013 17:36:00,"2,845"
"MAP.MC,17/10/2013 17:36:00,"2,889"
"MAP.MC,18/10/2013 17:36:00,"2,962"
"MAP.MC,21/10/2013 17:36:00,"2,994"
"MAP.MC,22/10/2013 17:36:00,"2,97"
"MAP.MC,23/10/2013 17:36:00,"2,906"
"MAP.MC,24/10/2013 17:36:00,"2,942"
"MAP.MC,25/10/2013 17:36:00,"2,94"
"MAP.MC,28/10/2013 17:36:00,"2,893"
"MAP.MC,29/10/2013 17:36:00,"2,934"
"MAP.MC,30/10/2013 17:36:00,"2,885"
"MAP.MC,31/10/2013 17:36:00,"2,964"
"MAP.MC,1/11/2013 17:36:00,"2,938"
"MAP.MC,4/11/2013 17:36:00,"2,935"
"MAP.MC,5/11/2013 17:36:00,"2,905"
"MAP.MC,6/11/2013 17:36:00,"2,963"
"MAP.MC,7/11/2013 17:36:00,"2,965"
"MAP.MC,8/11/2013 17:36:00,"2,989"
"MAP.MC,11/11/2013 17:36:00,"3,016"
"MAP.MC,12/11/2013 17:36:00,"3,018"
MAP.MC,13/11/2013 17:36:00,3
"MAP.MC,14/11/2013 17:36:00,"2,9"
"MAP.MC,15/11/2013 17:36:00,"2,919"
"MAP.MC,18/11/2013 17:36:00,"2,914"
"MAP.MC,19/11/2013 17:36:00,"2,91"
"MAP.MC,20/11/2013 17:36:00,"2,88"
"MAP.MC,21/11/2013 17:36:00,"2,893"
"MAP.MC,22/11/2013 17:36:00,"2,902"
"MAP.MC,25/11/2013 17:36:00,"2,934"
"MAP.MC,26/11/2013 17:36:00,"2,884"
"MAP.MC,27/11/2013 17:36:00,"2,93"
"MAP.MC,28/11/2013 17:36:00,"2,952"
"MAP.MC,29/11/2013 17:36:00,"2,923"
"MAP.MC,2/12/2013 17:36:00,"2,939"
"MAP.MC,3/12/2013 17:36:00,"2,881"
"MAP.MC,4/12/2013 17:36:00,"2,836"
"MAP.MC,5/12/2013 17:36:00,"2,821"
"MAP.MC,6/12/2013 17:36:00,"2,837"
"MAP.MC,9/12/2013 17:36:00,"2,83"
"MAP.MC,10/12/2013 17:36:00,"2,826"
"MAP.MC,11/12/2013 17:36:00,"2,822"
"MAP.MC,12/12/2013 17:36:00,"2,79"
"MAP.MC,13/12/2013 17:36:00,"2,821"
"MAP.MC,16/12/2013 17:36:00,"2,897"
"MAP.MC,17/12/2013 17:36:00,"2,877"
"MAP.MC,18/12/2013 17:36:00,"2,87"
"MAP.MC,19/12/2013 17:36:00,"2,979"
"MAP.MC,20/12/2013 17:36:00,"3,006"
"MAP.MC,23/12/2013 17:36:00,"3,066"
"MAP.MC,24/12/2013 17:36:00,"3,108"
"MAP.MC,27/12/2013 17:36:00,"3,136"
"MAP.MC,30/12/2013 17:36:00,"3,132"
"MAP.MC,31/12/2013 17:36:00,"3,113"
"MAP.MC,2/01/2014 17:36:00,"3,026"
"MAP.MC,3/01/2014 17:36:00,"3,064"
"MAP.MC,6/01/2014 17:36:00,"3,082"
"MAP.MC,7/01/2014 17:36:00,"3,24"
"MAP.MC,8/01/2014 17:36:00,"3,374"
"MAP.MC,9/01/2014 17:36:00,"3,408"
"MAP.MC,10/01/2014 17:36:00,"3,409"
"MAP.MC,13/01/2014 17:36:00,"3,416"
"MAP.MC,14/01/2014 17:36:00,"3,384"
"MAP.MC,15/01/2014 17:36:00,"3,44"
"MAP.MC,16/01/2014 17:36:00,"3,447"
"MAP.MC,17/01/2014 17:36:00,"3,457"
"MAP.MC,20/01/2014 17:36:00,"3,446"
"MAP.MC,21/01/2014 17:36:00,"3,365"
"MAP.MC,22/01/2014 17:36:00,"3,319"
"MAP.MC,23/01/2014 17:36:00,"3,296"
"MAP.MC,24/01/2014 17:36:00,"3,1"
"MAP.MC,27/01/2014 17:36:00,"3,074"
"MAP.MC,28/01/2014 17:36:00,"3,107"
"MAP.MC,29/01/2014 17:36:00,"3,133"
"MAP.MC,30/01/2014 17:36:00,"3,135"
"MAP.MC,31/01/2014 17:36:00,"3,063"
"MAP.MC,3/02/2014 17:36:00,"3,019"
"MAP.MC,4/02/2014 17:36:00,"3,065"
"MAP.MC,5/02/2014 17:36:00,"3,048"
"MAP.MC,6/02/2014 17:36:00,"3,089"
"MAP.MC,7/02/2014 17:36:00,"3,122"
"MAP.MC,10/02/2014 17:36:00,"3,134"
"MAP.MC,11/02/2014 17:36:00,"3,054"
"MAP.MC,12/02/2014 17:36:00,"3,045"
"MAP.MC,13/02/2014 17:36:00,"3,035"
"MAP.MC,14/02/2014 17:36:00,"3,069"
"MAP.MC,17/02/2014 17:36:00,"3,043"
"MAP.MC,18/02/2014 17:36:00,"2,973"
"MAP.MC,19/02/2014 17:36:00,"2,963"
"MAP.MC,20/02/2014 17:36:00,"2,922"
"MAP.MC,21/02/2014 17:36:00,"3,01"
"MAP.MC,24/02/2014 17:36:00,"3,046"
"MAP.MC,25/02/2014 17:36:00,"3,047"
"MAP.MC,26/02/2014 17:36:00,"3,024"
"MAP.MC,27/02/2014 17:36:00,"2,99"
MAP.MC,28/02/2014 17:36:00,3
"MAP.MC,3/03/2014 17:36:00,"2,943"
"MAP.MC,4/03/2014 17:36:00,"2,966"
"MAP.MC,5/03/2014 17:36:00,"2,981"
"MAP.MC,6/03/2014 17:36:00,"3,021"
"MAP.MC,7/03/2014 17:36:00,"2,956"
"MAP.MC,10/03/2014 17:36:00,"2,965"
"MAP.MC,11/03/2014 17:36:00,"2,968"
"MAP.MC,12/03/2014 17:36:00,"2,965"
"MAP.MC,13/03/2014 17:36:00,"2,912"
"MAP.MC,14/03/2014 17:36:00,"2,879"
"MAP.MC,17/03/2014 17:36:00,"2,94"
"MAP.MC,18/03/2014 17:36:00,"2,972"
"MAP.MC,19/03/2014 17:36:00,"2,96"
"MAP.MC,20/03/2014 17:36:00,"2,944"
"MAP.MC,21/03/2014 17:36:00,"2,94"
"MAP.MC,24/03/2014 17:36:00,"2,935"
"MAP.MC,25/03/2014 17:36:00,"2,989"
"MAP.MC,26/03/2014 17:36:00,"3,043"
"MAP.MC,27/03/2014 17:36:00,"3,047"
"MAP.MC,28/03/2014 17:36:00,"3,098"
"MAP.MC,31/03/2014 17:36:00,"3,06"
"MAP.MC,1/04/2014 17:36:00,"3,104"
"MAP.MC,2/04/2014 17:36:00,"3,089"
"MAP.MC,3/04/2014 17:36:00,"3,109"
"MAP.MC,4/04/2014 17:36:00,"3,137"
"MAP.MC,7/04/2014 17:36:00,"3,084"
"MAP.MC,8/04/2014 17:36:00,"3,037"
"MAP.MC,9/04/2014 17:36:00,"3,021"
"MAP.MC,10/04/2014 17:36:00,"3,023"
"MAP.MC,11/04/2014 17:36:00,"2,972"
"MAP.MC,14/04/2014 17:36:00,"2,97"
"MAP.MC,15/04/2014 17:36:00,"2,929"
"MAP.MC,16/04/2014 17:36:00,"2,988"
"MAP.MC,17/04/2014 17:36:00,"2,987"
"MAP.MC,22/04/2014 17:36:00,"3,074"
"MAP.MC,23/04/2014 17:36:00,"3,069"
"MAP.MC,24/04/2014 17:36:00,"3,07"
"MAP.MC,25/04/2014 17:36:00,"3,035"
"MAP.MC,28/04/2014 17:36:00,"3,033"
"MAP.MC,29/04/2014 17:36:00,"3,065"
"MAP.MC,30/04/2014 17:36:00,"3,035"
"MAP.MC,2/05/2014 17:36:00,"3,041"
"MAP.MC,5/05/2014 17:36:00,"3,015"
"MAP.MC,6/05/2014 17:36:00,"3,009"
"MAP.MC,7/05/2014 17:36:00,"2,988"
"MAP.MC,8/05/2014 17:36:00,"3,021"
"MAP.MC,9/05/2014 17:36:00,"3,008"
"MAP.MC,12/05/2014 17:36:00,"3,021"
"MAP.MC,13/05/2014 17:36:00,"3,038"
"MAP.MC,14/05/2014 17:36:00,"3,022"
"MAP.MC,15/05/2014 17:36:00,"2,938"
"MAP.MC,16/05/2014 17:36:00,"2,951"
"MAP.MC,19/05/2014 17:36:00,"2,918"
"MAP.MC,20/05/2014 17:36:00,"2,898"
"MAP.MC,21/05/2014 17:36:00,"2,919"
"MAP.MC,22/05/2014 17:36:00,"2,903"
"MAP.MC,23/05/2014 17:36:00,"2,931"
"MAP.MC,26/05/2014 17:36:00,"2,975"
"MAP.MC,27/05/2014 17:36:00,"3,001"
MAP.MC,28/05/2014 17:36:00,3
"MAP.MC,29/05/2014 17:36:00,"2,993"
"MAP.MC,30/05/2014 17:36:00,"2,996"
"MAP.MC,2/06/2014 17:36:00,"3,035"
"MAP.MC,3/06/2014 17:36:00,"3,005"
"MAP.MC,4/06/2014 17:36:00,"2,982"
"MAP.MC,5/06/2014 17:36:00,"3,024"
"MAP.MC,6/06/2014 17:36:00,"3,052"
"MAP.MC,9/06/2014 17:36:00,"3,075"
"MAP.MC,10/06/2014 17:36:00,"3,093"
"MAP.MC,11/06/2014 17:36:00,"3,082"
"MAP.MC,12/06/2014 17:36:00,"3,08"
"MAP.MC,13/06/2014 17:36:00,"3,077"
"MAP.MC,16/06/2014 17:36:00,"3,04"
"MAP.MC,17/06/2014 17:36:00,"3,06"
"MAP.MC,18/06/2014 17:36:00,"3,058"
"MAP.MC,19/06/2014 17:36:00,"3,058"
"MAP.MC,20/06/2014 17:36:00,"2,951"
"MAP.MC,23/06/2014 17:36:00,"2,952"
"MAP.MC,24/06/2014 17:36:00,"2,936"
"MAP.MC,25/06/2014 17:36:00,"2,915"
"MAP.MC,26/06/2014 17:36:00,"2,945"
"MAP.MC,27/06/2014 17:36:00,"2,914"
"MAP.MC,30/06/2014 17:36:00,"2,911"
"MAP.MC,1/07/2014 17:36:00,"2,931"
"MAP.MC,2/07/2014 17:36:00,"2,943"
"MAP.MC,3/07/2014 17:36:00,"2,981"
"MAP.MC,4/07/2014 17:36:00,"2,968"
"MAP.MC,7/07/2014 17:36:00,"2,92"
"MAP.MC,8/07/2014 17:36:00,"2,865"
"MAP.MC,9/07/2014 17:36:00,"2,842"
"MAP.MC,10/07/2014 17:36:00,"2,78"
"MAP.MC,11/07/2014 17:36:00,"2,84"
"MAP.MC,14/07/2014 17:36:00,"2,853"
"MAP.MC,15/07/2014 17:36:00,"2,828"
"MAP.MC,16/07/2014 17:36:00,"2,88"
"MAP.MC,17/07/2014 17:36:00,"2,846"
"MAP.MC,18/07/2014 17:36:00,"2,834"
"MAP.MC,21/07/2014 17:36:00,"2,848"
"MAP.MC,22/07/2014 17:36:00,"2,861"
"MAP.MC,23/07/2014 17:36:00,"2,854"
"MAP.MC,24/07/2014 17:36:00,"2,891"
"MAP.MC,25/07/2014 17:36:00,"2,969"
"MAP.MC,28/07/2014 17:36:00,"2,959"
"MAP.MC,29/07/2014 17:36:00,"2,964"
"MAP.MC,30/07/2014 17:36:00,"2,948"
"MAP.MC,31/07/2014 17:36:00,"2,882"
"MAP.MC,1/08/2014 17:36:00,"2,837"
"MAP.MC,4/08/2014 17:36:00,"2,83"
"MAP.MC,5/08/2014 17:36:00,"2,801"
"MAP.MC,6/08/2014 17:36:00,"2,759"
"MAP.MC,7/08/2014 17:36:00,"2,741"
"MAP.MC,8/08/2014 17:36:00,"2,742"
"MAP.MC,11/08/2014 17:36:00,"2,766"
"MAP.MC,12/08/2014 17:36:00,"2,78"
"MAP.MC,13/08/2014 17:36:00,"2,801"
"MAP.MC,14/08/2014 17:36:00,"2,782"
"MAP.MC,15/08/2014 17:36:00,"2,777"
"MAP.MC,18/08/2014 17:36:00,"2,81"
"MAP.MC,19/08/2014 17:36:00,"2,803"
"MAP.MC,20/08/2014 17:36:00,"2,806"
"MAP.MC,21/08/2014 17:36:00,"2,854"
"MAP.MC,22/08/2014 17:36:00,"2,831"
"MAP.MC,25/08/2014 17:36:00,"2,861"
"MAP.MC,26/08/2014 17:36:00,"2,872"
"MAP.MC,27/08/2014 17:36:00,"2,86"
"MAP.MC,28/08/2014 17:36:00,"2,817"
"MAP.MC,29/08/2014 17:36:00,"2,853"
"MAP.MC,1/09/2014 17:36:00,"2,834"
"MAP.MC,2/09/2014 17:36:00,"2,853"
"MAP.MC,3/09/2014 17:36:00,"2,892"
"MAP.MC,4/09/2014 17:36:00,"2,935"
"MAP.MC,5/09/2014 17:36:00,"2,927"
"MAP.MC,8/09/2014 17:36:00,"2,918"
"MAP.MC,9/09/2014 17:36:00,"2,895"
"MAP.MC,10/09/2014 17:36:00,"2,868"
"MAP.MC,11/09/2014 17:36:00,"2,847"
"MAP.MC,12/09/2014 17:36:00,"2,844"
"MAP.MC,15/09/2014 17:36:00,"2,818"
"MAP.MC,16/09/2014 17:36:00,"2,807"
"MAP.MC,17/09/2014 17:36:00,"2,842"
"MAP.MC,18/09/2014 17:36:00,"2,871"
"MAP.MC,19/09/2014 17:36:00,"2,873"
"MAP.MC,22/09/2014 17:36:00,"2,898"
"MAP.MC,23/09/2014 17:36:00,"2,924"
"MAP.MC,24/09/2014 17:36:00,"2,925"
"MAP.MC,25/09/2014 17:36:00,"2,844"
"MAP.MC,26/09/2014 17:36:00,"2,826"
"MAP.MC,29/09/2014 17:36:00,"2,786"
"MAP.MC,30/09/2014 17:36:00,"2,804"
"MAP.MC,1/10/2014 17:36:00,"2,774"
"MAP.MC,2/10/2014 17:36:00,"2,696"
"MAP.MC,3/10/2014 17:36:00,"2,737"
"MAP.MC,6/10/2014 17:36:00,"2,754"
"MAP.MC,7/10/2014 17:36:00,"2,725"
"MAP.MC,8/10/2014 17:36:00,"2,74"
"MAP.MC,9/10/2014 17:36:00,"2,715"
"MAP.MC,10/10/2014 17:36:00,"2,634"
"MAP.MC,13/10/2014 17:36:00,"2,634"
"MAP.MC,14/10/2014 17:36:00,"2,636"
"MAP.MC,15/10/2014 17:36:00,"2,533"
"MAP.MC,16/10/2014 17:36:00,"2,486"
"MAP.MC,17/10/2014 17:36:00,"2,588"
"MAP.MC,20/10/2014 17:36:00,"2,577"
"MAP.MC,21/10/2014 17:36:00,"2,642"
"MAP.MC,22/10/2014 17:36:00,"2,701"
"MAP.MC,23/10/2014 17:36:00,"2,736"
"MAP.MC,24/10/2014 17:36:00,"2,739"
"MAP.MC,27/10/2014 17:36:00,"2,682"
"MAP.MC,28/10/2014 17:36:00,"2,73"
"MAP.MC,29/10/2014 17:36:00,"2,708"
"MAP.MC,30/10/2014 17:36:00,"2,688"
"MAP.MC,31/10/2014 17:36:00,"2,731"
"MAP.MC,3/11/2014 17:36:00,"2,737"
"MAP.MC,4/11/2014 17:36:00,"2,707"
"MAP.MC,5/11/2014 17:36:00,"2,829"
"MAP.MC,6/11/2014 17:36:00,"2,856"
"MAP.MC,7/11/2014 17:36:00,"2,787"
"MAP.MC,10/11/2014 17:36:00,"2,827"
"MAP.MC,11/11/2014 17:36:00,"2,833"
"MAP.MC,12/11/2014 17:36:00,"2,774"
"MAP.MC,13/11/2014 17:36:00,"2,769"
"MAP.MC,14/11/2014 17:36:00,"2,774"
"MAP.MC,17/11/2014 17:36:00,"2,81"
"MAP.MC,18/11/2014 17:36:00,"2,848"
"MAP.MC,19/11/2014 17:36:00,"2,852"
"MAP.MC,20/11/2014 17:36:00,"2,817"
"MAP.MC,21/11/2014 17:36:00,"2,899"
"MAP.MC,24/11/2014 17:36:00,"2,91"
"MAP.MC,25/11/2014 17:36:00,"2,908"
"MAP.MC,26/11/2014 17:36:00,"2,91"
"MAP.MC,27/11/2014 17:36:00,"2,941"
"MAP.MC,28/11/2014 17:36:00,"2,951"
"MAP.MC,1/12/2014 17:36:00,"2,936"
"MAP.MC,2/12/2014 17:36:00,"2,976"
"MAP.MC,3/12/2014 17:36:00,"3,012"
"MAP.MC,4/12/2014 17:36:00,"2,959"
"MAP.MC,5/12/2014 17:36:00,"3,039"
"MAP.MC,8/12/2014 17:36:00,"3,037"
"MAP.MC,9/12/2014 17:36:00,"2,948"
"MAP.MC,10/12/2014 17:36:00,"2,932"
"MAP.MC,11/12/2014 17:36:00,"2,943"
"MAP.MC,12/12/2014 17:36:00,"2,85"
"MAP.MC,15/12/2014 17:36:00,"2,703"
"MAP.MC,16/12/2014 17:36:00,"2,742"
"MAP.MC,17/12/2014 17:36:00,"2,781"
"MAP.MC,18/12/2014 17:36:00,"2,857"
"MAP.MC,19/12/2014 17:36:00,"2,87"
"MAP.MC,22/12/2014 17:36:00,"2,866"
"MAP.MC,23/12/2014 17:36:00,"2,893"
"MAP.MC,24/12/2014 14:00:00,"2,879"
"MAP.MC,29/12/2014 17:36:00,"2,859"
"MAP.MC,30/12/2014 17:36:00,"2,832"
"MAP.MC,31/12/2014 14:00:00,"2,813"
"MAP.MC,5/01/2015 17:36:00,"2,739"
"MAP.MC,6/01/2015 17:36:00,"2,72"
"MAP.MC,7/01/2015 17:36:00,"2,763"
"MAP.MC,8/01/2015 17:36:00,"2,827"
"MAP.MC,9/01/2015 17:36:00,"2,786"
"MAP.MC,12/01/2015 17:36:00,"2,77"
"MAP.MC,13/01/2015 17:36:00,"2,834"
"MAP.MC,14/01/2015 17:36:00,"2,791"
"MAP.MC,15/01/2015 17:36:00,"2,833"
"MAP.MC,16/01/2015 17:36:00,"2,883"
"MAP.MC,19/01/2015 17:36:00,"2,905"
"MAP.MC,20/01/2015 17:36:00,"2,91"
"MAP.MC,21/01/2015 17:36:00,"2,948"
"MAP.MC,22/01/2015 17:36:00,"2,975"
"MAP.MC,23/01/2015 17:36:00,"2,985"
"MAP.MC,26/01/2015 17:36:00,"3,069"
"MAP.MC,27/01/2015 17:36:00,"3,027"
"MAP.MC,28/01/2015 17:36:00,"3,021"
"MAP.MC,29/01/2015 17:36:00,"2,967"
"MAP.MC,30/01/2015 17:36:00,"2,985"
"MAP.MC,2/02/2015 17:36:00,"2,964"
"MAP.MC,3/02/2015 17:36:00,"3,018"
"MAP.MC,4/02/2015 17:36:00,"3,012"
"MAP.MC,5/02/2015 17:36:00,"2,99"
"MAP.MC,6/02/2015 17:36:00,"2,985"
"MAP.MC,9/02/2015 17:36:00,"2,963"
"MAP.MC,10/02/2015 17:36:00,"3,007"
"MAP.MC,11/02/2015 17:36:00,"2,972"
"MAP.MC,12/02/2015 17:36:00,"3,054"
"MAP.MC,13/02/2015 17:36:00,"3,08"
"MAP.MC,16/02/2015 17:36:00,"3,074"
"MAP.MC,17/02/2015 17:36:00,"3,062"
"MAP.MC,18/02/2015 17:36:00,"3,111"
"MAP.MC,19/02/2015 17:36:00,"3,13"
"MAP.MC,20/02/2015 17:36:00,"3,119"
"MAP.MC,23/02/2015 17:36:00,"3,127"
"MAP.MC,24/02/2015 17:36:00,"3,144"
"MAP.MC,25/02/2015 17:36:00,"3,125"
"MAP.MC,26/02/2015 17:36:00,"3,148"
"MAP.MC,27/02/2015 17:36:00,"3,139"
"MAP.MC,2/03/2015 17:36:00,"3,16"
"MAP.MC,3/03/2015 17:36:00,"3,111"
"MAP.MC,4/03/2015 17:36:00,"3,141"
"MAP.MC,5/03/2015 17:36:00,"3,174"
"MAP.MC,6/03/2015 17:36:00,"3,174"
"MAP.MC,9/03/2015 17:36:00,"3,178"
"MAP.MC,10/03/2015 17:36:00,"3,093"
"MAP.MC,11/03/2015 17:36:00,"3,123"
"MAP.MC,12/03/2015 17:36:00,"3,128"
"MAP.MC,13/03/2015 17:36:00,"3,157"
"MAP.MC,16/03/2015 17:36:00,"3,191"
"MAP.MC,17/03/2015 17:36:00,"3,166"
"MAP.MC,18/03/2015 17:36:00,"3,178"
"MAP.MC,19/03/2015 17:36:00,"3,176"
"MAP.MC,20/03/2015 17:36:00,"3,245"
"MAP.MC,23/03/2015 17:36:00,"3,286"
"MAP.MC,24/03/2015 17:36:00,"3,336"
"MAP.MC,25/03/2015 17:36:00,"3,323"
"MAP.MC,26/03/2015 17:36:00,"3,307"
"MAP.MC,27/03/2015 17:36:00,"3,31"
"MAP.MC,30/03/2015 17:36:00,"3,394"
"MAP.MC,31/03/2015 17:36:00,"3,399"
"MAP.MC,1/04/2015 17:36:00,"3,407"
"MAP.MC,2/04/2015 17:36:00,"3,452"
"MAP.MC,7/04/2015 17:36:00,"3,457"
"MAP.MC,8/04/2015 17:36:00,"3,469"
"MAP.MC,9/04/2015 17:36:00,"3,5"
"MAP.MC,10/04/2015 17:36:00,"3,531"
"MAP.MC,13/04/2015 17:36:00,"3,584"
"MAP.MC,14/04/2015 17:36:00,"3,584"
"MAP.MC,15/04/2015 17:36:00,"3,605"
"MAP.MC,16/04/2015 17:36:00,"3,597"
"MAP.MC,17/04/2015 17:36:00,"3,51"
"MAP.MC,20/04/2015 17:36:00,"3,428"
"MAP.MC,21/04/2015 17:36:00,"3,458"
"MAP.MC,22/04/2015 17:36:00,"3,429"
"MAP.MC,23/04/2015 17:36:00,"3,391"
"MAP.MC,24/04/2015 17:36:00,"3,371"
"MAP.MC,27/04/2015 17:36:00,"3,43"
"MAP.MC,28/04/2015 17:36:00,"3,382"
"MAP.MC,29/04/2015 17:36:00,"3,334"
"MAP.MC,30/04/2015 17:36:00,"3,322"
"MAP.MC,4/05/2015 17:36:00,"3,373"
"MAP.MC,5/05/2015 17:36:00,"3,155"
"MAP.MC,6/05/2015 17:36:00,"3,211"
"MAP.MC,7/05/2015 17:36:00,"3,207"
"MAP.MC,8/05/2015 17:36:00,"3,248"
"MAP.MC,11/05/2015 17:36:00,"3,222"
"MAP.MC,12/05/2015 17:36:00,"3,177"
"MAP.MC,13/05/2015 17:36:00,"3,197"
"MAP.MC,14/05/2015 17:36:00,"3,204"
"MAP.MC,15/05/2015 17:36:00,"3,225"
"MAP.MC,18/05/2015 17:36:00,"3,277"
"MAP.MC,19/05/2015 17:36:00,"3,31"
"MAP.MC,20/05/2015 17:36:00,"3,332"
"MAP.MC,21/05/2015 17:36:00,"3,34"
"MAP.MC,22/05/2015 17:36:00,"3,326"
"MAP.MC,25/05/2015 17:36:00,"3,229"
"MAP.MC,26/05/2015 17:36:00,"3,224"
"MAP.MC,27/05/2015 17:36:00,"3,298"
"MAP.MC,28/05/2015 17:36:00,"3,301"
"MAP.MC,29/05/2015 17:36:00,"3,246"
"MAP.MC,1/06/2015 17:36:00,"3,214"
"MAP.MC,2/06/2015 17:36:00,"3,215"
"MAP.MC,3/06/2015 17:36:00,"3,22"
"MAP.MC,4/06/2015 17:36:00,"3,175"
"MAP.MC,5/06/2015 17:36:00,"3,157"
"MAP.MC,8/06/2015 17:36:00,"3,118"
"MAP.MC,9/06/2015 17:36:00,"3,121"
"MAP.MC,10/06/2015 17:36:00,"3,15"
"MAP.MC,11/06/2015 17:36:00,"3,175"
"MAP.MC,12/06/2015 17:36:00,"3,154"
"MAP.MC,15/06/2015 17:36:00,"3,12"
"MAP.MC,16/06/2015 17:36:00,"3,136"
"MAP.MC,17/06/2015 17:36:00,"3,113"
"MAP.MC,18/06/2015 17:36:00,"3,032"
"MAP.MC,19/06/2015 17:36:00,"3,075"
"MAP.MC,22/06/2015 17:36:00,"3,175"
"MAP.MC,23/06/2015 17:36:00,"3,186"
"MAP.MC,24/06/2015 17:36:00,"3,187"
"MAP.MC,25/06/2015 17:36:00,"3,191"
"MAP.MC,26/06/2015 17:36:00,"3,215"
"MAP.MC,29/06/2015 17:36:00,"3,105"
"MAP.MC,30/06/2015 17:36:00,"3,087"
"MAP.MC,1/07/2015 17:36:00,"3,121"
"MAP.MC,2/07/2015 17:36:00,"3,084"
"MAP.MC,3/07/2015 17:36:00,"3,047"
"MAP.MC,6/07/2015 17:36:00,"3,003"
"MAP.MC,7/07/2015 17:36:00,"2,971"
"MAP.MC,8/07/2015 17:36:00,"3,013"
"MAP.MC,9/07/2015 17:36:00,"3,094"
"MAP.MC,10/07/2015 17:36:00,"3,181"
"MAP.MC,13/07/2015 17:36:00,"3,233"
"MAP.MC,14/07/2015 17:36:00,"3,26"
"MAP.MC,15/07/2015 17:36:00,"3,277"
"MAP.MC,16/07/2015 17:36:00,"3,32"
"MAP.MC,17/07/2015 17:36:00,"3,347"
"MAP.MC,20/07/2015 17:36:00,"3,384"
"MAP.MC,21/07/2015 17:36:00,"3,239"
"MAP.MC,22/07/2015 17:36:00,"3,242"
